Year,,Digər ölkələr (min ABŞ dollar),Albaniya (min ABŞ dollar),Almaniya (min ABŞ dollar),Angilya (min ABŞ dollar),Anqola (min ABŞ dollar),Argentina (min ABŞ dollar),Avstraliya (min ABŞ dollar),Avstriya (min ABŞ dollar),Banqladeş (min ABŞ dollar),Belçika (min ABŞ dollar),Bəhreyn (min ABŞ dollar),Birləşmiş Ərəb Əmirlikləri (min ABŞ dollar),Böyük Britaniya və Şimali İrlandiyanın Birləşmiş Krallığı (min ABŞ dollar),Amerika Birləşmiş Ştatları (min ABŞ dollar),Bolqarıstan (min ABŞ dollar),Braziliya (min ABŞ dollar),Virgin adaları (Britaniya) (min ABŞ dollar),Cənubi Afrika Respublikası (min ABŞ dollar),Çexiya Respublikası (min ABŞ dollar),Çili (min ABŞ dollar),Çin (min ABŞ dollar),Çinin xüsusi inzibati rayonu Honkonq (min ABŞ dollar),Danimarka (min ABŞ dollar),Dominikan Respublikası (min ABŞ dollar),Ekvador (min ABŞ dollar),Estoniya (min ABŞ dollar),Əfqanıstan (min ABŞ dollar),Əlcəzair (min ABŞ dollar),Filippin (min ABŞ dollar),Finlandiya (min ABŞ dollar),Fransa (min ABŞ dollar),Cəbəllütariq (min ABŞ dollar),Hindistan (min ABŞ dollar),Honduras (min ABŞ dollar),Xorvatiya (min ABŞ dollar),İndoneziya (min ABŞ dollar),İordaniya (min ABŞ dollar),İraq (min ABŞ dollar),İran İslam Respublikası (min ABŞ dollar),İrlandiya (min ABŞ dollar),İslandiya (min ABŞ dollar),İspaniya (min ABŞ dollar),İsrail (min ABŞ dollar),İsveçrə (min ABŞ dollar),İsveç (min ABŞ dollar),İtaliya (min ABŞ dollar),Kamerun (min ABŞ dollar),Kanada (min ABŞ dollar),Şimali Makedoniya Respublikası (min ABŞ dollar),Keniya (min ABŞ dollar),Kipr (min ABŞ dollar),Kolumbiya (min ABŞ dollar),Konqo (min ABŞ dollar),Koreya Xalq Demokratik Respublikası (min ABŞ dollar),Koreya Respublikası (min ABŞ dollar),Kosta-Rika (min ABŞ dollar),Kuba (min ABŞ dollar),Küveyt (min ABŞ dollar),Qətər (min ABŞ dollar),Qvineya (min ABŞ dollar),Laos Xalq Demokratik Respublikası (min ABŞ dollar),Latviya (min ABŞ dollar),Lixtenşteyn (min ABŞ dollar),Litva (min ABŞ dollar),Livan (min ABŞ dollar),Lüksemburq (min ABŞ dollar),Macarıstan (min ABŞ dollar),Malayziya (min ABŞ dollar),Mali (min ABŞ dollar),Malta (min ABŞ dollar),Meksika (min ABŞ dollar),Mərakeş (min ABŞ dollar),Mərkəzi Afrika Respublikası (min ABŞ dollar),Misir (min ABŞ dollar),Namibiya (min ABŞ dollar),Nauru (min ABŞ dollar),Niderland (min ABŞ dollar),Nigeriya (min ABŞ dollar),Norveç (min ABŞ dollar),Oman (min ABŞ dollar),Pakistan (min ABŞ dollar),Panama (min ABŞ dollar),Peru (min ABŞ dollar),Polşa (min ABŞ dollar),Portuqaliya (min ABŞ dollar),Puerto-Riko (ABŞ) (min ABŞ dollar),Rumıniya (min ABŞ dollar),Salvador (min ABŞ dollar),Seneqal (min ABŞ dollar),Serbiya (min ABŞ dollar),Seyşel adaları (min ABŞ dollar),Səudiyyə Ərəbistanı (min ABŞ dollar),Sinqapur (min ABŞ dollar),Slovakiya (min ABŞ dollar),Sloveniya (min ABŞ dollar),Suriya Ərəb Respublikası (min ABŞ dollar),Şri-Lanka (min ABŞ dollar),Tailand (min ABŞ dollar),Tayvan (Çinin əyaləti) (min ABŞ dollar),Trinidad və Tobaqo (min ABŞ dollar),Tunis (min ABŞ dollar),Türkiyə (min ABŞ dollar),Venesuela (min ABŞ dollar),Vyetnam (min ABŞ dollar),Yamayka (min ABŞ dollar),Yaponiya (min ABŞ dollar),Yeni Zelandiya (min ABŞ dollar),Yəmən (min ABŞ dollar),Yunanıstan (min ABŞ dollar),Zimbabve (min ABŞ dollar),Burkina-Faso (min ABŞ dollar),Ekvatorial-Qvineya (min ABŞ dollar),Liviya (min ABŞ dollar),Papua-Yeni Qvineya (min ABŞ dollar),Turk və Kaykos adaları (Britaniya) (min ABŞ dollar),Boliviya (min ABŞ dollar),Bosniya və Herseqovina (min ABŞ dollar),Bruney-Darüssalam (min ABŞ dollar),Cibuti (min ABŞ dollar),Həbəşistan (min ABŞ dollar),Kamboca (min ABŞ dollar),Qabon (min ABŞ dollar),Qana (min ABŞ dollar),Marşal adaları (min ABŞ dollar),Monqolustan (min ABŞ dollar),Nepal (min ABŞ dollar),Niger (min ABŞ dollar),Ruanda (min ABŞ dollar),Surinam (min ABŞ dollar),Syerra-Leone (min ABŞ dollar),Tuvalu (min ABŞ dollar),Virgin adaları (ABŞ) (min ABŞ dollar),Fici (min ABŞ dollar),Qəmər adaları (min ABŞ dollar),Sudan (min ABŞ dollar),Zambiya (min ABŞ dollar),Paraqvay (min ABŞ dollar),Baham adaları (min ABŞ dollar),Gürcüstan (min ABŞ dollar),Bermud adaları (min ABŞ dollar),Ölkə təyin olunmayıb (min ABŞ dollar),Nikaraqua (min ABŞ dollar),Benin (min ABŞ dollar),Kayman adaları (min ABŞ dollar),Konqo Demokratik Respublikası (min ABŞ dollar),Mozambik (min ABŞ dollar),Antil adaları (Niderland) (min ABŞ dollar),Aruba (min ABŞ dollar),Maldiv adaları (min ABŞ dollar),Monteneqro (min ABŞ dollar),Birləşmiş Tanzaniya Respublikası (min ABŞ dollar),San-Marino (min ABŞ dollar),Toqo (min ABŞ dollar),Men adası (min ABŞ dollar),Monako (min ABŞ dollar),Mavrikiya (min ABŞ dollar),Uqanda (min ABŞ dollar),Uruqvay (min ABŞ dollar),Kurasao (min ABŞ dollar),Kot-divuar (min ABŞ dollar),Mavritaniya (min ABŞ dollar),Çad (min ABŞ dollar),Dominika (min ABŞ dollar),Fələstin (min ABŞ dollar),Kabo-Verde (min ABŞ dollar),Niue (Yeni Zelandiya) (min ABŞ dollar),Beliz (min ABŞ dollar),Fransa Qvianası (min ABŞ dollar),Liberiya (min ABŞ dollar),Martinika (min ABŞ dollar),Mayotta (min ABŞ dollar),Myanma (min ABŞ dollar),Qayana (min ABŞ dollar),Amerika Samoası,Andorra,Barbados,Burundi,Butan,Çinin xüsusi inzibati rayonu Makao,Eritreya,Farer adaları,Haiti,Hernsi adası,Qrenada,Qrenlandiya,Quam (ABŞ),Qvatemala,Lesoto,Madaqaskar,Malavi,Pitkern (Britaniya),Reyunyon (Fransa),Svazilend,Şimali Maryana adaları (ABŞ),Timor-Leste,Tokelau (Yeni Zelandiya),Vollis və Futuna adaları (Fransa),Aland adaları,Antiqua və Barbuda,Fransa Polineziyası,Qambiya,Qvineya-Bissau,Normand adaları,Samoa,Solomon adaları,Somali,Vanuatu,Yeni Kaledoniya (Fransa),Sint-Marten (Niderland)
2024,,24855641.2,1827.1,776979.8,-,98.2,892.9,203.0,50644.5,3158.0,17520.1,299.5,57764.1,407744.4,135030.9,683049.0,13827.3,-,398.7,1088485.9,0.8,19700.0,3900.0,124.7,40.3,479.7,9735.4,513.7,2538.7,0.3,174.6,96304.1,-,734416.4,-,873440.8,179802.6,806.4,23738.5,14008.3,139782.1,-,163696.2,733528.2,220429.7,1400.3,10875130.2,-,1294.4,4.9,55.0,10760.0,2936.2,-,-,500.5,-,-,612.0,3007.2,-,-,5876.6,-,5541.3,1679.4,29771.7,7512.2,1862.9,-,14375.1,79.4,110.9,36.4,5018.8,27.1,-,149971.0,13.1,8125.6,66189.2,196.7,-,43.9,68315.6,631357.5,-,476867.8,124.7,72.3,181252.8,-,2803.2,5160.5,122.3,8130.6,888.9,-,234246.6,61.6,15.2,279670.1,3819407.9,-,78783.2,-,18946.2,65.3,1770.0,626591.0,-,-,189.6,1800.8,-,-,-,1068.1,696.1,-,-,905.0,8.3,4.0,-,149.6,-,-,-,-,-,-,-,-,-,1207.5,1674.7,-,-,675192.7,39.2,2819.7,-,-,34.9,-,3.6,-,6.5,18.8,30.1,48.3,135.5,-,65.4,-,-,-,85099.8,-,-,-,-,-,1743.4,-,-,-,-,-,-,-,820.6,5.2,-,-,-,-,-,-,-,-,-,-,-,-,-,-,-,-,-,-,-,-,-,-,-,-,-,-,-,3.4,-,-,-,-,-,-,-,-
2023,,32245363.7,950.9,907923.0,-,158.9,-,29251.9,153795.1,1959.8,20091.7,333.2,74200.3,447910.5,16011.4,481926.3,148.4,-,328.4,684215.5,0.7,78739.1,2342.7,558.2,146.3,-,6347.5,276.9,1551.2,-,346.6,133219.5,-,1234731.0,-,590440.5,150790.4,628.4,19487.0,14307.4,369729.4,-,785367.8,1401607.3,175375.1,1561.8,15208067.6,14.1,1405.7,11.1,408.2,16825.4,462.2,0.5,-,526.3,-,-,459.5,2402.9,-,-,45181.0,-,2401.4,987.9,36629.0,4794.5,39697.4,29.3,37586.8,297.0,101.7,-,1000.8,7.6,-,44220.4,463.6,1722.4,800.6,6884.4,430.0,87.9,11559.4,299628.3,-,604469.4,-,193.7,495.0,-,4902.5,95131.1,94.3,11124.9,187.1,0.9,26122.2,216.0,5.9,80141.5,5359328.1,-,345757.1,-,16861.4,24.2,1724.8,1363448.3,-,-,-,19804.1,128.1,-,-,5.7,36.7,-,-,2.3,27.9,59.8,340.0,231.6,-,-,-,-,-,-,-,-,-,14.2,-,-,-,759444.5,17.9,2064.8,-,-,141.7,-,-,-,36.6,-,2.6,1.3,167.7,119.8,74.1,-,-,17.1,-,-,1.3,114.7,-,-,210.9,-,-,-,-,-,-,-,209.9,5.0,-,-,-,-,-,-,-,-,-,-,-,-,-,-,-,-,-,-,-,-,-,-,-,-,-,-,-,-,-,-,-,-,-,-,-,-
2022,,36511371.3,364.6,591301.1,-,202.5,11314.2,139202.0,90762.6,1859.3,11041.1,656.3,71684.5,779521.5,90337.9,292122.3,19731.4,-,130.8,922190.6,-,72771.7,1310.9,252.1,-,13.3,2234.9,783.0,366.3,38.1,497.6,50992.0,-,1662623.9,-,952396.7,606043.5,253.0,28782.6,29831.0,400008.7,11.3,1008998.2,1682726.0,430855.1,18935.5,17782508.1,-,640.2,-,-,9851.7,32.8,-,-,295.3,-,-,579.2,3575.6,-,-,27602.3,-,6505.6,27013.2,80005.5,2322.8,38889.2,-,22371.5,33.5,-,-,2554.3,168.8,-,131962.2,471.1,65553.4,1042.4,7666.7,17.5,656.3,21455.1,743407.5,-,446866.0,-,60.9,1743.4,-,3257.5,1320.6,266.3,1162.3,36.2,1.7,257352.9,207637.4,10.4,499103.5,3544755.9,23.7,491675.8,-,14027.6,75.3,1193.8,1391812.2,-,-,7.7,56110.5,-,-,0.3,2940.3,30.8,-,136.8,0.8,3.3,37.9,-,343.5,-,-,-,-,86.1,-,-,-,-,172.3,-,-,-,635656.8,136.0,1429.1,-,77.4,13.5,-,2.6,-,38.7,81.4,-,-,396.8,185.2,182.5,-,-,-,-,-,108.5,1.8,-,-,195.5,-,-,-,-,-,-,-,264.6,17.3,-,-,-,-,-,-,-,-,-,-,-,-,-,-,-,-,-,-,-,-,-,-,-,-,-,-,-,-,-,-,-,-,-,-,-,-
2021,,20417959.7,4293.1,650258.5,-,123.7,11.8,21309.7,139980.4,290.2,33156.5,5.8,14042.3,396673.5,75147.3,54041.8,72050.3,-,0.8,263788.9,0.3,141148.5,2091.9,999.9,0.0,19.0,1796.7,6484.7,9.5,9.6,376.7,64595.2,59598.5,594430.9,0.0,751278.7,87318.6,621.4,23083.1,45600.4,41756.0,6.2,564436.2,898097.0,272667.7,5691.5,9243521.4,32.4,221406.4,326.9,0.0,5659.2,8.2,0.0,0.0,83.8,0.0,19.8,288.3,1490.4,-,0.0,9878.8,0.0,13904.1,33980.6,26902.0,1793.2,512.7,0.0,16581.9,467.3,12.0,0.0,33200.5,0.0,0.0,39690.3,84.7,858.5,503.1,738.7,0.0,0.0,5457.2,587440.3,0.0,120591.5,0.0,393.7,1189.9,0.0,12467.7,824.7,1143.3,4271.7,120.6,0.0,134160.6,38.5,160.0,577312.2,2818116.6,0.0,73055.0,0.0,15819.6,106.9,761.8,415415.9,0.0,0.0,-,27879.4,-,-,0.0,0.0,33.9,17.5,40.8,0.0,12.1,146.5,-,158.5,0.0,0.0,0.0,0.0,120.6,-,-,-,0.0,88.3,0.0,0.0,0.0,661042.7,31.8,488.4,0.0,159.9,19.3,41.3,0.7,-,14.0,68.6,0.6,0.0,144.7,18575.9,68.4,0.0,0.0,0.0,0.0,-,310.0,0.0,0.0,0.0,149.2,-,0.0,-,-,-,0.0,-,143.9,99.5,0.0,0.0,-,0.0,0.0,0.0,0.0,0.0,0.0,-,-,0.0,0.0,0.0,-,0.0,0.0,0.0,-,0.0,0.0,-,0.0,0.0,-,-,-,0.0,-,-,-,-,17.5,0.0,-,0.0
2020,,12426740.7,0.0,234109.3,-,17.3,5508.5,70687.7,127581.4,359.6,1174.2,20.1,10706.2,157527.0,24935.8,553.4,6594.3,0.0,15.9,229679.0,0.0,432760.5,7446.2,49789.9,0.0,8.3,1593.3,37724.6,9.3,0.0,223.1,110662.5,3277.6,456784.5,0.0,470818.9,458.5,340.4,11212.3,38485.7,142.8,15.6,329270.3,437500.1,214895.3,968.2,4172267.9,0.0,594.5,8.4,0.1,2821.2,656.9,3151.8,-,82.6,0.0,0.1,255.8,1290.7,29.2,0.0,873.8,0.0,2366.3,608.3,22649.4,1071.7,60658.3,0.0,9616.7,202.8,206.5,-,624.9,0.0,0.0,7928.0,156.7,804.1,2282.0,1657.6,0.0,0.0,4766.1,239779.1,0.0,101475.7,0.0,44.9,1196.2,1.8,1789.4,48500.1,44.3,0.0,0.0,0.0,129688.7,48034.6,169.7,312287.7,2597747.0,0.0,174928.8,0.0,5373.5,79.8,279.0,523303.2,0.0,-,-,7454.4,38.3,0.0,10.0,0.0,17.3,-,0.0,0.0,-,23.3,-,109.2,0.0,0.0,0.0,0.0,36.4,-,0.0,0.0,-,0.0,0.0,0.0,-,461909.4,19.0,331.5,0.0,0.0,16.4,0.0,-,-,6.9,54.6,7.7,0.0,40.5,-,85.6,0.0,0.0,0.0,0.0,-,194.4,0.0,0.0,0.0,0.0,-,0.0,-,-,-,-,-,158.0,4.8,0.0,0.0,0.0,0.0,0.0,0.0,0.0,0.0,0.0,9.5,0.0,0.0,0.0,0.0,0.0,0.0,0.0,0.0,0.0,0.0,0.0,0.0,0.0,0.0,-,-,-,-,-,-,-,-,-,-,-,-
2019,,18456763.9,0.0,931617.5,0.0,22.3,41.1,40087.9,185734.9,254.3,6535.5,205.1,19141.1,471947.8,24126.6,79696.7,5509.7,77.1,19.3,647451.2,0.0,752162.6,4801.7,999.2,0.0,1.1,2594.7,82698.4,347.7,4.9,398.0,536639.3,45927.3,955865.6,0.0,436550.4,366.2,20.0,13600.5,41130.7,39.9,18.7,704459.8,1331616.2,178903.7,467.7,5638641.8,43.9,138215.8,156.7,1.2,13362.9,96.6,4.1,0.0,137.9,0.0,12.1,236.5,1330.4,0.9,0.0,855.4,0.0,2125.3,32.2,17608.4,670.3,596.8,0.0,12493.0,118.1,1.6,0.0,41831.3,5.9,0.0,68000.4,320.3,3594.6,239.3,294.5,0.0,10.2,3875.5,353914.9,0.6,139189.5,0.0,18.0,408.9,0.0,1803.4,1022.0,420.9,26.0,0.0,5.9,359698.1,262197.4,81.4,23.4,2862688.0,20.1,58848.2,0.0,90216.0,111.0,194.8,242758.0,0.0,0.0,0.8,43806.7,0.0,0.0,0.0,16.7,26.1,3.8,1.0,0.0,15.8,26.3,0.0,44.9,0.0,2906.6,0.0,0.0,0.0,0.0,0.0,0.0,0.0,4.4,0.0,0.0,0.0,586904.1,16.2,1757.4,0.0,0.0,20.8,60.1,17.7,0.0,69.7,0.0,228.8,0.0,0.0,0.0,144.0,9.2,0.0,0.0,0.0,0.0,0.0,0.0,0.0,0.0,0.0,0.0,0.0,0.0,0.0,0.0,0.0,0.0,36.3,3.7,0.0,0.0,0.0,0.0,0.0,0.0,0.0,0.0,0.0,0.0,0.0,0.0,0.0,0.0,0.0,0.0,0.0,0.0,0.0,0.0,0.0,0.0,0.0,0.0,0.0,0.0,0.0,0.0,0.0,0.0,0.0,0.0,0.0,0.0,0.0,0.0
2018,,18351776.4,-,787795.4,-,89.2,20.3,429.9,329754.9,484.3,9204.2,330.6,22103.8,261456.0,331458.7,39475.6,1164.7,-,8.7,938383.7,269.0,113573.5,2481.3,839.8,-,19.0,1314.5,71537.9,8.6,34.1,617.3,441590.8,126097.4,819538.3,-,245844.0,597517.4,1448.2,14495.3,31231.7,10015.9,14.0,396368.1,1310824.5,162936.6,828.8,5879774.0,1.4,585275.0,27.8,-,833.2,77.5,20.8,-,124.3,-,-,619.9,3325.4,-,-,2510.9,-,1956.2,14193.9,43858.1,1463.7,769.3,-,69721.4,148.4,0.4,-,318.2,-,-,77982.8,130.5,2841.6,605.6,808.1,-,2.4,7894.8,528717.6,-,338160.8,-,-,31.4,0.8,861.2,6621.6,47.2,8332.4,7.4,-,142054.0,714186.1,34.4,192087.9,1825980.2,-,74881.3,-,10021.2,119.7,-,161147.1,-,-,0.5,-,10.1,-,4.5,-,64.2,-,-,-,86.5,38.6,-,74.5,-,-,-,-,-,-,-,-,-,3.0,-,-,-,498250.6,43.1,1489.6,-,-,-,-,-,-,45.1,5.3,-,-,-,-,223.8,2.3,-,-,81077.6,-,-,6.0,0.2,-,-,-,-,-,-,-,-,-,167.0,-,-,-,-,-,-,-,-,-,-,-,-,-,-,-,-,-,-,-,-,-,-,-,-,-,-,-,-,-,-,-,-,-,-,-,-,-
2017,,14191481.7,72.2,450462.0,0.0,17.7,16.9,569.7,137552.9,295.0,13258.2,27.0,16700.1,41202.7,61191.6,153.3,112.7,0.0,1.1,556854.9,0.0,443807.3,93.1,1006.2,0.0,2.8,700.0,52239.6,16.7,3.0,748.4,459978.6,0.0,404067.7,0.0,212927.5,465126.4,4146.9,15724.7,16794.1,5.5,4.6,384222.1,638938.4,182988.8,437.0,5352488.5,6.1,593761.3,0.0,148.7,40486.0,71.2,29.0,0.0,208.1,0.0,0.0,84.3,4702.1,0.0,0.0,2028.1,0.0,2304.5,32884.3,15552.9,1982.1,4464.1,0.0,36886.6,132.0,2.8,0.0,1482.9,0.0,0.0,86670.1,507.9,1680.6,73.1,1826.4,0.0,1.8,8706.5,501617.8,0.0,267229.9,0.0,0.0,18.0,0.0,1278.7,418.9,89.9,5274.4,0.0,0.0,109405.9,267294.3,59.4,182237.3,1393786.1,107.7,55140.1,0.0,4354.9,107.0,0.0,159548.2,0.0,0.0,0.0,0.1,11.9,0.0,6.8,14.7,90.0,298.1,0.0,402.5,0.0,0.2,0.0,65.2,7.1,0.0,0.0,0.0,0.0,0.0,0.0,0.0,0.0,1.8,0.0,0.0,0.0,487757.2,9.9,1519.2,0.0,0.0,0.0,0.0,3.2,0.0,18.4,0.0,24.3,0.0,0.0,0.0,90.5,0.1,0.0,0.0,0.0,0.0,0.0,0.0,13.5,0.0,58.1,0.0,0.0,1425.4,24.5,29.4,1.6,0.0,1.0,-,-,-,-,-,-,-,-,-,-,-,-,-,-,-,-,-,-,-,-,-,-,-,-,-,-,-,-,-,-,-,-,-,-,-,-,-
2016,,12793995.0,19.4,610831.4,0.0,157.5,46.6,181.2,112651.9,0.4,6454.7,97.0,11578.1,79918.6,80650.1,386.3,2881.7,0.0,278.0,214366.2,0.0,382027.1,110.1,106.9,0.0,5.6,660.7,44260.3,11240.6,11.6,269.8,626433.9,0.0,551966.6,0.0,264015.3,77457.1,2734.1,17780.6,49684.6,23410.9,2.7,495148.7,664113.1,101669.5,340.8,4333747.1,0.5,98132.4,6.3,4.2,1113.8,108.0,0.0,0.0,122.2,0.3,1.1,210.7,107.9,0.0,0.0,853.4,0.0,2398.6,42664.5,9580.1,911.0,81325.1,0.0,130031.4,288.0,0.0,0.0,11857.6,0.0,0.0,38295.9,44.2,3130.8,127.3,1433.2,0.0,192.7,4821.3,331278.9,0.0,111673.0,0.0,0.0,4.3,0.7,539.5,894.4,130.8,4172.5,0.0,0.1,123401.4,921010.8,20.3,211493.9,1185663.1,228.3,48899.5,0.7,31749.8,82.4,0.0,201377.2,0.0,0.0,0.0,0.0,0.0,0.0,0.7,0.0,3.6,0.0,0.0,0.0,2.1,5.5,0.0,80.7,44.7,0.0,0.0,0.0,19.9,0.0,0.0,0.0,0.0,0.0,238.7,0.0,0.0,416644.0,0.9,785.4,0.0,0.0,0.0,0.0,102.0,0.0,4.1,0.0,16.5,0.9,0.0,0.0,23.5,0.0,0.0,0.0,0.0,0.0,8.9,0.0,15.3,7.1,119.0,7778.4,12.2,0.0,0.0,0.0,0.0,0.0,0.0,-,-,-,-,-,-,-,-,-,-,-,-,-,-,-,-,-,-,-,-,-,-,-,-,-,-,-,-,-,-,-,-,-,-,-,-,-
2015,,12202764.3,0.0,1223961.8,0.0,101.4,8.0,613.7,407346.5,0.0,13028.2,40.7,5613.7,10417.9,337704.4,497.9,192.3,0.0,4.7,549516.3,0.0,53194.8,567.1,72.0,0.0,3.6,253.4,208426.6,133.9,108.6,189.2,864101.1,82732.6,270235.1,0.0,199208.6,477818.9,13.8,187480.5,34257.0,52235.8,9.6,316057.4,801533.4,96792.3,134.4,2254330.5,2.0,223722.6,0.0,15.6,8.6,54.2,554.6,0.0,38.8,0.0,5.8,46.9,484.3,0.1,0.0,800.5,0.0,512.9,11399.2,179.8,240.9,11159.9,0.0,141929.3,42.6,53.6,0.0,109.5,0.0,0.0,101792.1,13.5,1091.9,12.4,293.6,70.2,4.2,6509.0,368874.4,0.0,83934.5,0.0,0.0,41.0,0.0,184.8,281.7,55.6,9429.9,0.0,0.0,259115.7,112460.6,18.9,291730.1,1477256.7,67.2,3880.1,0.1,871.3,0.0,0.0,145748.3,0.0,0.0,0.0,799.7,8.2,0.0,0.0,0.5,224.6,0.0,0.0,0.0,100.5,207.7,0.0,172.5,66.1,0.0,0.0,0.0,0.0,0.0,0.0,0.0,0.0,42.1,0.0,0.0,0.0,496196.8,8.4,803.4,0.0,0.0,2.7,0.0,2.0,0.0,7.7,0.0,3.8,0.0,0.0,0.0,78.9,0.0,0.0,0.0,0.0,0.0,1.3,0.2,0.0,0.0,0.0,0.0,0.0,0.0,0.0,0.0,0.0,0.0,0.0,-,-,-,-,-,-,-,-,-,-,-,-,-,-,-,-,-,-,-,-,-,-,-,-,-,-,-,-,-,-,-,-,-,-,-,-,-
2014,,20990552.7,0.0,1925563.4,0.0,212.3,58.6,326.8,345546.3,0.0,1482.8,21.8,4322.7,126447.9,745827.0,61154.8,322.4,0.0,91.1,592036.2,0.0,63862.8,209.0,757.6,0.0,8.7,222.9,275990.1,673.2,0.0,30.8,1523482.8,64535.7,778250.0,0.0,311673.3,2012316.5,39.6,236590.0,39441.7,47.8,783669.0,783669.1,1766949.6,154933.6,348.2,4805617.6,0.0,220248.2,2.7,0.0,0.0,0.9,0.6,0.0,13.8,0.0,0.0,27.0,330.7,0.0,0.0,845.5,0.0,702.7,35091.2,159.0,71614.8,11293.1,0.0,86270.5,80.6,38.5,0.0,91528.0,0.0,0.0,19135.4,53.3,2019.4,20.9,194.7,1725.0,0.0,16329.8,552149.5,0.0,86252.7,0.0,0.0,5.1,0.0,128.6,59953.7,31.6,13.2,0.0,0.0,839912.2,432067.3,122.7,420617.6,502492.8,5.8,75370.8,0.0,1230.8,143.3,174.0,255988.3,0.0,0.0,0.3,25760.0,1.0,0.0,18.0,397.1,3.7,0.0,0.0,3.8,29.9,0.0,0.0,276.2,0.0,0.0,0.0,0.0,7.0,0.0,0.0,0.0,0.0,69.1,0.0,0.0,25662.1,529549.1,12.5,1049.3,0.0,0.0,22.7,0.0,0.0,0.0,17.5,0.0,84.9,4.0,0.0,0.0,85.7,2.9,2.8,37.1,5.0,0.0,0.0,0.0,0.0,0.0,0.0,0.0,0.0,0.0,0.0,0.0,0.0,0.0,0.0,-,-,-,-,-,-,-,-,-,-,-,-,-,-,-,-,-,-,-,-,-,-,-,-,-,-,-,-,-,-,-,-,-,-,-,-,-
2013,,22465778.9,0.0,1356735.3,0.0,0.8,70.0,185.0,399482.7,4.7,7694.9,17.0,8588.7,484363.6,990279.9,119110.7,280.5,0.0,22.4,215918.4,0.0,88629.2,2160.0,311.6,0.0,0.0,771.2,205327.4,976.6,2.5,16.4,1131117.5,0.0,1098412.5,0.0,213251.2,2771821.1,53.6,353641.1,73347.4,34587.0,12.3,74910.8,1260698.7,74409.5,59.8,5989658.2,0.0,52.1,43.6,0.0,23157.4,1.4,15.7,0.0,34359.1,0.0,0.0,15.5,2099.7,2.8,0.0,2366.6,0.0,2207.8,58.8,208.2,45.9,79.7,0.0,36.9,32.9,62394.6,0.0,58423.4,0.0,0.0,18606.3,17.3,667.4,4426.0,29.5,2047.5,0.2,10221.7,525759.4,0.0,92388.5,0.0,0.0,14.1,0.0,55.8,250.5,4.0,19.1,0.0,0.0,1665485.4,467306.3,46.1,186845.5,525985.8,0.0,302551.2,0.0,22562.2,203.8,113.8,810325.4,0.1,0.0,0.0,166272.3,2.1,0.0,0.0,0.0,5.6,0.0,0.0,0.0,0.0,38.8,0.0,528.9,0.0,0.0,0.0,0.0,6.8,0.0,0.0,0.0,0.0,5.2,0.0,0.0,0.0,519175.9,26.1,1121.3,0.0,0.0,13.2,0.0,0.0,0.0,2.0,0.0,11.5,0.0,0.0,42.0,62.0,0.0,0.0,0.0,0.0,0.0,0.0,0.0,0.0,0.0,0.0,0.0,0.0,0.0,0.0,0.0,0.0,0.0,0.0,-,-,-,-,-,-,-,-,-,-,-,-,-,-,-,-,-,-,-,-,-,-,-,-,-,-,-,-,-,-,-,-,-,-,-,-,-
2012,,22655998.1,0.0,964767.3,0.0,22.6,24.7,31172.4,139980.3,0.0,2684.4,15.3,14290.9,326657.1,1600829.6,597561.5,316.3,0.0,4.3,511763.1,0.0,183768.9,758.9,2167.3,0.0,15.9,379.4,119916.4,2866.9,35.1,49.1,1775643.8,0.0,1890655.6,0.0,330588.8,1757317.8,44.8,418427.1,87342.3,27697.1,20.0,66912.2,1666619.3,82011.5,82.1,5547994.0,0.0,8482.1,0.0,0.0,23391.9,45.6,15.5,0.0,1132.4,0.0,0.0,13.7,1524.6,0.0,0.0,5716.2,1.2,2684.6,31178.6,172.7,57.4,370669.2,0.0,51685.4,544.0,0.0,0.0,24463.6,0.0,0.0,10848.6,32.5,2510.0,1709.2,15.0,280.5,10.3,3483.0,243085.1,0.0,59600.6,0.0,0.0,22.0,1.1,89.0,250362.3,5.2,17.9,13.0,0.0,343709.0,650103.6,43.6,247233.3,600025.1,103.1,19439.9,0.0,959.1,119.8,107.5,833834.5,0.0,0.0,2.4,142448.0,0.9,0.0,0.0,2.1,2.7,0.0,0.0,0.0,11.9,42.8,0.0,577.8,0.0,0.0,0.0,0.0,83.8,0.0,0.0,0.0,0.0,11.3,0.0,0.0,0.0,570725.6,42.1,991.2,0.0,0.0,8.9,0.0,0.0,0.0,83.8,5.4,2.2,4.2,4.2,0.0,0.0,0.0,0.0,0.0,0.0,0.0,0.0,0.0,0.0,0.0,0.0,0.0,0.0,0.0,0.0,0.0,0.0,0.0,0.0,-,-,-,-,-,-,-,-,-,-,-,-,-,-,-,-,-,-,-,-,-,-,-,-,-,-,-,-,-,-,-,-,-,-,-,-,-
2011,,23646453.9,9.8,523363.9,0.0,2.1,13421.8,106.9,3965.4,0.0,2888.9,7.9,13856.7,15871.7,1804637.7,410410.5,96.5,0.0,0.0,203903.8,0.0,39010.9,0.0,1422.4,0.0,0.5,663.8,100194.1,2242.3,646.4,69.0,4036652.6,0.0,366848.4,0.0,347710.7,913152.7,57.8,99096.0,144828.7,42.4,0.0,283792.9,817575.1,176792.5,601.1,9340999.1,0.0,225.7,48.0,0.0,68022.2,4.5,26.0,0.0,444220.1,0.0,0.0,60.1,24.3,0.0,0.0,14013.2,0.9,5026.1,32327.8,130.9,35.3,663989.9,0.0,268578.3,32.3,99243.8,0.0,161089.0,0.0,0.0,6808.4,28.8,269.3,4226.2,7.3,46.4,1.4,3110.5,324860.0,0.0,53041.9,0.0,0.0,14.7,56.3,10559.9,887.1,146.1,6.3,83.9,0.0,135374.5,8.1,0.5,0.0,455761.0,0.3,13564.9,0.0,439.8,55.1,0.0,208123.8,0.0,0.0,1.2,0.8,0.0,0.0,0.0,0.0,26.0,0.0,0.0,0.0,10.5,66.3,0.0,483.6,0.0,0.0,0.0,0.0,0.0,0.0,469892.4,0.0,0.0,0.0,0.0,0.0,0.0,535309.0,15.2,717.5,0.0,0.0,15.0,0.0,331.0,0.0,144.6,0.0,3.7,3.4,0.0,0.0,0.0,0.0,0.0,0.3,0.0,0.0,0.0,0.0,0.0,0.0,0.0,0.0,0.0,24.8,0.0,0.0,0.0,0.0,0.0,-,-,-,-,-,-,-,-,-,-,-,-,-,-,-,-,-,-,-,-,-,-,-,-,-,-,-,-,-,-,-,-,-,-,-,-,-
2010,,19376339.0,6940.2,9906.3,0.0,25.2,17.1,26320.8,779.2,9.3,1286.7,509.8,14913.0,6441.6,1627999.8,136535.8,186.1,0.0,9.9,233.7,0.0,338850.5,11.8,241.3,0.0,0.0,461.5,69419.5,39486.6,23.6,24.7,1856523.6,0.0,299642.6,0.0,787168.9,782160.9,20.1,31320.1,124980.7,26.5,5.6,178522.2,1744821.9,94428.6,99.5,7044153.9,0.0,317068.0,1.1,0.0,37905.7,5.7,28.5,0.0,218385.9,0.0,140.0,19.1,63.2,0.0,0.0,3896.3,0.0,2056.1,53555.7,126.6,70.2,740783.8,0.0,116509.7,94.9,0.0,0.0,108438.9,70.0,0.0,128902.1,66.8,1171.4,30.3,85.5,17.0,0.0,5771.2,224613.5,0.0,94249.5,0.0,0.0,3.2,0.0,143.6,510877.4,355.0,4.1,109.6,0.0,194397.1,294606.1,17.1,2085.5,170893.7,8.2,41.6,0.0,164.1,104.2,0.0,255012.6,0.0,0.0,251.8,162229.5,0.0,0.0,0.0,2.1,7.8,0.0,5.6,7.0,0.3,1.9,0.0,348.5,0.0,0.0,0.0,0.0,40.2,0.0,78574.3,0.0,0.0,0.0,0.0,0.0,0.0,410969.4,17.9,453.5,0.0,15873.1,11.7,45.2,5.5,5.9,28.9,0.0,0.0,0.0,0.0,0.0,0.0,0.0,0.0,0.0,0.0,0.0,0.0,0.0,0.0,0.0,0.0,0.0,0.0,0.0,0.0,0.0,0.0,0.0,0.0,-,-,-,-,-,-,-,-,-,-,-,-,-,-,-,-,-,-,-,-,-,-,-,-,-,-,-,-,-,-,-,-,-,-,-,-,-
2009,,13563917.6,2735.0,86747.6,41.8,14.5,56.0,210.8,9038.1,0.0,17087.8,0.0,20206.2,196882.7,1746805.2,128470.8,85.7,53.0,54.6,1492.0,0.0,129873.4,7246.2,818.7,0.0,0.0,396.1,57580.7,384.9,0.0,293.8,1326111.5,0.0,266870.3,0.0,193740.5,660653.1,264.9,47233.4,90130.1,4.3,11.4,316597.6,1236197.3,12914.2,4080.7,3788439.4,2.8,587482.3,0.0,0.0,1098.2,91.3,0.0,0.0,148203.3,0.0,242.0,666.6,1.3,0.0,0.0,3363.2,0.0,1276.3,17589.3,51263.4,50.5,387557.1,0.0,83473.0,21.2,49305.9,0.0,14312.2,0.0,0.0,66098.7,9.6,92.2,30.1,140.0,254.0,0.0,7505.3,28456.7,0.0,55024.3,0.0,0.0,0.0,0.0,1175.3,5422.5,1051.5,60453.8,13.0,0.0,284.6,680392.5,5.9,0.0,107620.0,11.9,7531.6,0.0,84.4,1732.5,0.0,179745.3,0.0,0.0,0.0,128692.9,0.0,0.0,0.0,0.0,0.0,0.0,0.0,0.0,0.0,0.2,0.0,520.2,0.0,0.6,0.0,0.0,0.0,0.0,0.0,0.0,0.0,0.0,0.0,0.0,0.0,395007.6,31.6,140701.6,3.0,0.0,0.0,0.0,0.0,0.0,0.0,0.0,0.0,0.0,0.0,0.0,0.0,0.0,0.0,0.0,0.0,0.0,0.0,0.0,0.0,0.0,0.0,0.0,0.0,0.0,0.0,0.0,0.0,0.0,0.0,-,-,-,-,-,-,-,-,-,-,-,-,-,-,-,-,-,-,-,-,-,-,-,-,-,-,-,-,-,-,-,-,-,-,-,-,-
2008,,46627606.4,8348.4,205485.6,52.8,2.1,96.0,114.0,2629.5,0.0,1061.0,0.0,32217.1,925926.1,6014258.2,194441.1,182708.8,339.1,59934.5,1.7,933980.6,498968.0,75631.3,16.5,0.0,0.0,761.1,81206.6,31402.4,0.0,160782.2,2322667.8,0.0,2432496.9,0.0,542567.4,1411086.5,0.0,59635.8,355647.6,0.0,0.0,1497693.4,3605829.5,1123.2,62841.9,19220007.3,0.0,566529.4,0.0,0.0,23422.6,23.2,0.0,0.0,696814.5,0.0,304.0,0.0,4.6,0.0,0.0,3974.6,0.0,5318.4,14612.1,0.0,6.2,0.4,0.0,113450.5,4.6,0.0,0.0,35048.8,0.0,0.0,1353423.0,24182.4,109083.0,0.6,24.8,4250.1,0.0,89924.6,260991.8,0.0,161077.9,0.0,0.0,0.0,0.0,115.7,23730.2,55.0,82121.4,13.4,0.0,77209.1,353920.9,3.3,0.0,626157.2,0.0,24943.7,0.0,145886.7,2873.4,35.4,290884.3,0.0,0.0,0.0,33902.5,0.0,12.2,0.0,0.0,0.0,0.0,0.0,0.0,0.0,0.0,0.0,28.4,0.0,0.0,0.0,0.0,0.0,0.0,0.0,0.0,0.0,340.0,0.0,0.0,64675.8,490667.6,0.0,0.0,0.0,0.0,0.0,0.0,0.0,0.0,0.0,0.0,0.0,0.0,0.0,25033.5,0.0,0.0,0.0,0.0,0.0,0.0,0.0,0.0,0.0,0.0,0.0,0.0,0.0,0.0,0.0,0.0,0.0,0.0,0.0,-,-,-,-,-,-,-,-,-,-,-,-,-,-,-,-,-,-,-,-,-,-,-,-,-,-,-,-,-,-,-,-,-,-,-,-,-
2007,,5299565.7,11191.4,19731.2,0.0,7.0,70.4,118.9,2541.9,0.0,14820.4,0.0,4716.1,3083.4,228196.1,5693.1,69174.9,1508.8,1.5,373.3,114629.1,10103.6,45762.6,216.0,0.0,0.0,500.6,47579.9,0.0,15.0,81.4,258842.7,28740.4,144947.9,0.0,39863.6,390292.7,137.9,33799.2,434731.1,10.9,0.0,52825.8,369845.8,5252.6,38.3,940928.5,0.0,2263.4,0.0,0.0,34389.4,372.6,80.0,0.0,124771.1,0.0,259.9,0.0,10.1,0.0,0.0,3613.6,0.0,5114.6,6003.9,0.0,0.0,39.9,0.0,119456.4,18.0,0.0,0.0,39.4,0.0,0.0,7352.1,1.9,65.7,13.5,1236.0,26.5,0.0,3792.0,0.0,0.0,85401.4,0.0,0.0,6.8,0.0,0.0,9227.5,40.0,0.0,18057.2,0.0,5.2,28.0,7.3,160.6,1056323.0,97.5,17081.2,0.0,1.1,2521.2,0.0,115060.0,0.0,0.0,0.0,61.0,0.0,0.0,0.0,0.0,0.0,0.0,0.0,0.0,0.0,0.0,0.0,22.8,97.0,0.0,0.0,0.0,0.0,0.0,60973.4,0.0,0.0,1160.0,0.0,15.9,0.0,343819.7,0.0,0.0,0.0,0.0,0.0,0.0,0.0,0.0,0.0,0.0,0.0,0.0,0.0,0.0,0.0,0.0,0.0,0.0,0.0,0.0,0.0,0.0,0.0,0.0,0.0,0.0,0.0,0.0,0.0,0.0,0.0,0.0,1.3,-,-,-,-,-,-,-,-,-,-,-,-,-,-,-,-,-,-,-,-,-,-,-,-,-,-,-,-,-,-,-,-,-,-,-,-,-
2006,,5727723.0,636.6,9004.7,524.5,98.5,91.2,18.3,2125.8,0.0,9541.0,3.5,11620.5,5596.4,91893.4,6308.2,29.4,6281.4,0.5,44.2,0.0,6390.4,50631.4,51.7,0.0,0.4,525.3,32209.6,4.2,4.5,0.0,347503.4,27774.9,1007.8,0.0,3559.4,12.8,0.0,11993.6,295901.6,13.7,0.0,52837.8,684828.9,4826.8,78.1,2845408.2,0.3,716.3,0.0,0.0,26995.1,36.7,0.0,0.0,68353.6,0.0,470.9,2.2,120.0,0.0,0.0,8378.1,0.0,2774.1,15175.0,0.0,6.7,0.3,0.0,22441.6,0.0,0.0,0.0,29.8,0.0,0.0,14641.5,55.0,686.3,370.5,925.1,0.0,95.7,4066.2,19215.1,6297.4,80122.2,0.0,0.0,0.0,0.0,1.5,33968.7,162.0,3463.2,5.1,9.6,34786.8,12.6,5.9,15423.4,388144.8,420.5,248.9,0.0,44.7,4.8,2239.2,181983.0,0.0,0.0,0.0,28.3,0.0,0.0,0.0,0.0,0.0,0.0,0.0,0.0,0.0,0.0,0.0,13.8,0.0,0.0,0.0,0.0,0.0,0.0,0.0,0.0,0.0,20.0,0.0,0.0,0.0,285275.5,0.0,0.0,0.0,0.0,0.0,0.0,0.0,0.0,0.0,0.0,0.0,0.0,0.0,0.0,0.0,0.0,0.0,0.0,0.0,0.0,0.0,25.4,0.0,0.0,0.0,0.0,0.0,0.0,0.0,0.0,77.0,0.0,0.0,-,-,-,-,-,-,-,-,-,-,-,-,-,-,-,-,-,-,-,-,-,-,-,-,-,-,-,-,-,-,-,-,-,-,-,-,-
2005,,3650197.3,0.0,34801.6,0.0,0.0,115.2,14.1,1565.8,0.0,6306.9,5.0,15429.8,4500.0,43158.0,100859.7,7.0,44.0,0.0,786.9,0.0,99237.7,12647.7,70.4,0.0,0.0,1462.9,11678.8,1.1,0.0,140.2,406717.3,5903.8,1625.5,0.0,176909.7,0.0,0.0,10371.5,166468.0,3.2,0.0,75975.2,195062.7,1712.4,282.2,1315742.0,0.0,305.9,0.0,0.0,3821.6,2.1,0.0,0.0,488.5,0.0,406.6,0.0,0.0,683.7,0.0,5373.3,0.0,4941.3,4452.8,5828.2,0.5,245.7,0.0,41688.0,0.0,21.9,0.0,38886.9,0.0,0.0,2802.6,992.0,1605.4,0.0,678.9,32.0,0.0,7365.0,8545.7,0.0,119120.1,0.0,0.0,0.3,0.0,62.8,123094.4,956.1,3764.1,287.6,0.0,13.1,4.2,0.0,0.0,275959.3,0.0,69.6,0.0,18.3,3.0,3394.5,20226.1,0.0,0.0,0.0,396.8,0.0,0.0,0.0,0.0,0.0,0.0,0.0,0.0,0.0,0.0,0.0,59.8,0.8,0.0,0.0,0.0,0.0,0.0,0.0,0.0,0.0,108.7,0.0,0.0,0.0,208436.1,0.0,0.0,0.0,0.0,0.0,0.0,0.0,0.0,0.0,0.0,0.0,0.0,0.0,0.0,0.0,0.0,0.0,0.0,0.0,0.0,0.0,0.0,0.0,0.0,0.0,0.0,0.0,0.0,0.0,0.0,0.0,0.0,0.0,-,-,-,-,-,-,-,-,-,-,-,-,-,-,-,-,-,-,-,-,-,-,-,-,-,-,-,-,-,-,-,-,-,-,-,-,-
2004,,3190031.2,1653.9,37596.5,0.0,341.6,6.4,90.3,1121.1,0.8,691.7,0.0,7982.6,6599.5,25991.5,49309.5,13.8,0.0,9.0,237.8,0.0,31718.2,18066.7,106.7,0.0,0.0,98.0,2194.8,0.3,3.5,28.5,66890.1,647.5,5385.0,0.0,109182.2,129357.3,4.1,3564.0,153544.6,77.5,0.0,5611.5,323738.2,2487.4,9.2,1614856.2,4.6,238.0,0.0,0.8,7731.3,0.0,26.6,13.2,3785.6,0.0,712.1,0.0,5.7,0.4,230.0,11524.3,0.0,6047.2,15.3,13541.9,0.0,16.7,0.0,15980.0,2.0,0.0,0.0,567.5,0.0,0.0,14323.8,2.2,1173.6,0.0,4.4,0.0,0.0,2640.1,2932.9,0.0,82295.3,0.0,7727.0,3043.2,34.2,0.1,2771.4,709.0,11450.2,6621.6,5.3,56.2,20.0,0.2,227.5,182621.6,6.2,49.0,0.0,347.4,11.9,2219.4,20226.1,0.0,0.0,0.0,0.0,0.0,0.0,0.0,0.0,0.0,0.0,0.0,0.0,0.0,0.0,0.0,0.0,0.0,0.0,0.0,0.0,0.0,0.0,0.0,0.0,0.0,0.0,0.0,0.0,0.0,188850.7,0.0,0.0,0.0,0.0,0.0,0.0,0.0,0.0,0.0,0.0,0.0,0.0,0.0,0.0,0.0,0.0,0.0,0.0,0.0,0.0,0.0,0.0,0.0,0.0,0.0,0.0,0.0,0.0,0.0,0.0,0.0,0.0,0.0,-,-,-,-,-,-,-,-,-,-,-,-,-,-,-,-,-,-,-,-,-,-,-,-,-,-,-,-,-,-,-,-,-,-,-,-,-
2003,,2368145.5,0.0,7307.2,14.6,0.0,0.0,88.3,434.5,0.0,1434.4,0.0,6027.0,7695.7,63864.5,13933.9,0.0,0.0,91.5,678.0,0.0,19286.1,7206.1,32.0,0.0,0.0,180.4,614.9,177.8,0.0,57.3,209725.5,0.0,1308.5,0.0,61075.6,27.9,205.7,1479.4,49129.4,0.5,0.0,43329.0,138112.8,297.1,5.7,1345948.4,0.0,321.1,0.5,0.0,3822.7,0.0,0.0,1.4,965.5,0.0,1271.4,0.0,6.0,160.4,0.0,11116.3,0.0,4871.7,6712.5,7731.0,0.0,0.9,0.0,12509.9,991.7,0.0,0.0,31.0,0.0,0.0,6373.1,0.0,2264.0,0.0,20.4,0.0,0.0,2831.4,30.7,0.0,1641.9,0.0,0.0,577.8,0.0,78.1,100.6,983.4,7083.7,916.2,68.5,0.9,0.0,0.0,0.0,107036.0,0.0,183.1,0.0,19799.4,1.7,4677.3,71425.9,0.0,263.1,103.7,1350.8,12.9,14.2,0.0,0.0,0.0,0.0,0.0,0.0,0.0,0.0,0.0,0.0,0.0,0.0,0.0,0.0,0.0,0.0,0.0,0.0,0.0,0.0,0.0,0.0,0.0,110059.6,0.0,0.0,0.0,0.0,0.0,0.0,0.0,0.0,0.0,0.0,0.0,0.0,0.0,0.0,0.0,0.0,0.0,0.0,0.0,0.0,0.0,0.0,0.0,0.0,0.0,0.0,0.0,0.0,0.0,0.0,0.0,0.0,0.0,-,-,-,-,-,-,-,-,-,-,-,-,-,-,-,-,-,-,-,-,-,-,-,-,-,-,-,-,-,-,-,-,-,-,-,-,-
2002,,2004564.8,0.0,28773.3,0.0,34.8,2081.4,0.9,11.9,0.0,1223.5,0.0,7161.6,9044.0,51974.9,2586.9,6894.2,780.6,0.0,152.1,28.5,1312.3,35.6,58.0,0.0,1.5,24.0,693.8,0.0,0.0,1.3,166282.4,94.5,2245.2,0.0,7277.1,0.0,406.4,2.9,29884.5,0.8,0.0,103990.4,154057.4,20367.9,0.0,1082719.6,40.9,295.3,47.1,0.0,220.6,0.0,58.8,0.0,0.5,0.0,704.7,0.0,213.6,0.0,112.3,2542.1,0.0,3120.9,2573.2,4537.9,2.4,4.1,0.0,30173.1,0.0,0.0,0.0,174.6,0.0,0.0,9577.6,385.2,1029.9,5.0,2530.1,0.0,0.0,1635.7,2983.8,0.0,28353.7,0.0,0.0,2605.7,0.0,0.3,821.3,985.4,4811.2,0.0,1.8,304.0,0.9,0.0,0.0,83396.5,10.3,242.4,0.0,262.9,0.0,12.9,54123.6,0.0,0.0,264.1,0.0,0.0,0.0,0.0,4.6,0.0,176.4,0.0,12.8,4.7,3775.2,0.0,0.0,1.0,282.1,1.9,38.5,16.7,1.6,0.0,0.0,0.0,0.0,0.0,0.0,0.0,80828.1,0.0,0.0,0.0,0.0,0.0,0.0,0.0,0.0,0.0,0.0,0.0,0.0,0.0,0.0,0.0,0.0,0.0,0.0,0.0,0.0,0.0,0.0,0.0,0.0,0.0,0.0,0.0,0.0,0.0,0.0,0.0,0.0,0.0,-,-,-,-,-,-,-,-,-,-,-,-,-,-,-,-,-,-,-,-,-,-,-,-,-,-,-,-,-,-,-,-,-,-,-,-,-
2001,,2194646.2,1.7,12864.2,0.0,88.5,15021.8,12.7,64.0,0.0,618.8,0.0,10214.4,35443.5,13624.9,1785.2,247.3,45.7,45.1,62.0,0.0,2438.6,74.1,71.0,0.0,0.8,262.0,190.8,61.5,1.7,63.8,66474.0,3036.6,803.4,0.0,24348.1,13.8,26.0,0.0,9144.2,18.1,85853.6,101816.2,164130.2,7720.1,63.9,1324065.4,55.4,546.7,0.0,0.0,0.6,0.0,0.0,0.0,1189.4,0.0,1116.7,0.0,0.0,0.0,0.0,2682.4,0.0,1240.0,8568.7,0.0,0.0,0.0,0.0,8668.5,0.0,24282.5,0.0,5259.5,0.0,0.0,15607.4,604.3,1797.6,0.0,3584.3,0.0,0.0,1507.2,0.0,0.0,9041.2,0.0,0.0,1290.9,0.0,40.6,33.2,266.0,1689.5,0.0,13.9,2.8,13.2,32.5,1931.4,67381.6,0.0,317.1,0.0,187.6,2.4,0.0,50831.0,0.0,0.0,0.0,0.0,0.0,0.0,16.9,3.3,8.6,0.0,0.0,0.7,0.0,0.0,424.3,315.6,0.0,0.0,0.0,0.0,0.0,0.0,37.4,0.0,0.0,0.0,0.0,0.0,0.0,103235.6,0.0,0.0,0.0,0.0,0.0,0.0,0.0,0.0,0.0,0.0,0.0,0.0,0.0,0.0,0.0,0.0,0.0,0.0,0.0,0.0,0.0,0.0,0.0,0.0,0.0,0.0,0.0,0.0,0.0,0.0,0.0,0.0,0.0,-,-,-,-,-,-,-,-,-,-,-,-,-,-,-,-,-,-,-,-,-,-,-,-,-,-,-,-,-,-,-,-,-,-,-,-,-
2000,,1584657.3,1548.6,8293.0,113.3,15.0,7264.8,45.1,1013.9,0.0,786.7,3.0,7116.9,18785.1,8004.7,2938.4,0.0,1510.2,3.4,235.5,0.0,4878.9,0.0,87.1,0.0,0.0,706.9,757.2,5.3,0.0,197.7,205191.8,7700.8,629.4,0.0,3741.9,5538.4,0.0,0.0,7662.2,50.7,31539.6,7799.6,135155.8,45842.7,18.7,762544.8,0.0,562.0,0.0,0.0,0.0,0.4,0.0,9.3,2001.1,0.0,0.0,2.4,1.0,0.0,0.0,12592.3,0.0,2446.1,4.9,2.5,0.8,6.1,0.0,25377.0,0.0,0.0,0.0,22.0,0.0,0.0,26213.0,19.4,885.2,11.3,296.4,0.0,0.0,3072.0,0.6,0.0,7537.4,0.0,6306.4,7889.5,0.0,13.6,213.2,673.2,2354.8,0.0,87.0,23.6,0.0,0.0,3814.0,104981.0,0.0,752.7,0.0,119.4,0.8,0.0,22680.0,0.0,0.0,137.0,0.0,0.0,0.0,0.0,0.0,0.0,0.0,5.0,0.0,0.0,0.0,0.0,1176.0,0.0,0.0,0.0,0.0,0.0,0.0,0.0,0.0,0.0,0.0,0.0,0.0,0.0,74639.8,0.0,0.0,0.0,0.0,0.0,0.0,0.0,0.0,0.0,0.0,0.0,0.0,0.0,0.0,0.0,0.0,0.0,0.0,0.0,0.0,0.0,0.0,0.0,0.0,0.0,0.0,0.0,0.0,0.0,0.0,0.0,0.0,0.0,-,-,-,-,-,-,-,-,-,-,-,-,-,-,-,-,-,-,-,-,-,-,-,-,-,-,-,-,-,-,-,-,-,-,-,-,-
1999,,789828.5,0.0,7623.2,430.5,960.2,2459.6,23.6,440.7,6.8,929.7,0.0,9040.9,10965.9,29829.6,1980.7,0.0,13216.1,0.0,221.3,5279.7,166.6,9.0,4.7,0.0,0.0,424.4,178.3,0.0,2.0,1303.1,58093.7,4767.1,1263.9,0.0,2148.0,4.6,2.8,0.0,22667.6,4241.9,0.0,9171.7,56930.7,36775.9,0.3,313056.9,0.0,404.6,0.0,0.0,3128.5,3.0,0.0,0.0,1386.8,0.0,765.8,9.1,0.0,0.0,0.0,2168.6,0.0,2455.6,2490.5,0.0,52.5,53.7,0.0,2556.2,0.0,0.0,0.0,1630.3,0.0,0.0,4385.8,1.7,749.7,8.8,149.0,0.0,0.5,2111.0,0.0,0.0,3620.9,0.0,0.0,53.6,0.0,2.1,0.5,644.9,1318.2,235.0,0.0,1001.3,129.0,0.0,4023.6,69086.8,103.7,211.6,0.0,403.5,10.0,0.5,13225.8,0.0,0.0,0.0,4816.2,0.0,0.0,23.8,0.0,2.5,0.0,0.0,0.0,0.0,0.0,0.0,51.2,0.0,0.0,0.0,0.0,0.0,0.0,0.0,1.5,2.7,1.0,2.0,0.0,0.0,71723.2,0.0,0.0,0.0,0.0,0.0,0.0,0.0,0.0,0.0,0.0,0.0,0.0,0.0,0.0,0.0,0.0,0.0,0.0,0.0,0.0,0.0,0.0,0.0,0.0,0.0,0.0,0.0,0.0,0.0,0.0,0.0,0.0,0.0,-,-,-,-,-,-,-,-,-,-,-,-,-,-,-,-,-,-,-,-,-,-,-,-,-,-,-,-,-,-,-,-,-,-,-,-,-
1998,,450891.8,0.0,5572.1,0.0,50.1,24.4,135.8,107.0,0.0,770.0,0.0,2967.8,40357.1,13856.5,10836.9,0.0,0.0,0.0,1109.3,0.0,900.5,0.0,25.0,0.0,0.0,64.2,1187.1,0.0,0.0,18.2,11728.9,0.0,113.1,0.0,6.3,0.5,0.0,673.9,44468.7,187.9,1.0,5712.5,389.2,17100.1,5314.2,45072.1,0.0,1256.3,0.0,33.3,0.0,0.0,0.0,0.0,5.7,0.0,0.0,0.0,0.0,0.0,0.0,3034.6,0.0,2795.5,34.2,0.0,0.0,0.0,0.0,131.2,0.0,1.0,0.0,44.6,0.0,0.0,4213.8,0.0,131.3,0.4,15.9,0.0,0.0,1757.6,0.0,0.0,369.2,0.0,0.0,90.0,0.0,0.0,4.9,806.2,0.0,99.5,0.0,0.0,0.0,0.0,1478.4,135837.8,0.0,648.6,0.0,22.1,5.4,0.0,12397.9,0.0,0.0,0.0,0.0,0.0,0.0,0.0,0.0,10.2,0.0,0.0,0.0,0.0,0.0,0.0,0.0,0.6,0.0,0.0,0.0,0.0,0.0,0.0,0.0,0.0,0.0,0.0,0.0,0.0,76915.2,0.0,0.0,0.0,0.0,0.0,0.0,0.0,0.0,0.0,0.0,0.0,0.0,0.0,0.0,0.0,0.0,0.0,0.0,0.0,0.0,0.0,0.0,0.0,0.0,0.0,0.0,0.0,0.0,0.0,0.0,0.0,0.0,0.0,-,-,-,-,-,-,-,-,-,-,-,-,-,-,-,-,-,-,-,-,-,-,-,-,-,-,-,-,-,-,-,-,-,-,-,-,-
1997,,536502.5,0.0,6171.6,0.0,0.0,0.0,0.5,875.6,0.0,285.4,0.0,1084.4,1431.0,2082.4,4465.1,1062.4,0.0,0.2,3649.8,0.0,1250.7,43720.6,0.0,0.0,0.0,629.8,218.4,0.0,0.0,265.9,139.5,0.0,28.7,0.0,0.0,0.0,0.0,380.2,189741.1,0.0,0.0,265.5,2335.0,6645.6,26002.4,32924.7,0.0,0.0,0.0,0.0,0.0,0.0,0.0,1.0,19.5,0.0,630.0,0.0,0.0,0.0,0.0,1788.4,0.0,729.0,28.1,0.0,4057.8,0.0,0.0,0.0,0.0,0.0,0.0,4.6,0.0,0.0,5578.7,0.0,0.0,0.0,229.1,1326.1,0.0,2904.3,0.3,0.0,24.3,0.0,0.0,3343.5,0.0,0.0,10.2,0.0,0.0,881.6,0.0,7.0,0.0,0.0,0.0,41283.1,0.0,746.4,0.0,6.7,0.0,0.0,13759.6,0.0,0.0,0.0,0.0,0.0,0.0,0.0,0.0,0.0,0.0,0.0,0.0,0.0,0.0,0.0,0.0,0.0,0.0,0.0,0.0,0.0,0.0,0.0,0.0,0.0,0.0,0.0,0.0,0.0,133486.7,0.0,0.0,0.0,0.0,0.0,0.0,0.0,0.0,0.0,0.0,0.0,0.0,0.0,0.0,0.0,0.0,0.0,0.0,0.0,0.0,0.0,0.0,0.0,0.0,0.0,0.0,0.0,0.0,0.0,0.0,0.0,0.0,0.0,-,-,-,-,-,-,-,-,-,-,-,-,-,-,-,-,-,-,-,-,-,-,-,-,-,-,-,-,-,-,-,-,-,-,-,-,-
1996,,432678.4,0.0,3069.3,0.0,0.0,0.0,234.2,3924.6,0.0,366.6,0.0,3053.9,13028.2,2177.8,538.1,0.0,2783.8,0.0,0.0,0.0,543.5,0.0,0.0,0.0,0.0,60.1,53.5,0.0,0.0,0.0,405.5,0.0,0.0,0.0,0.0,0.0,13.0,59.7,226117.2,40.7,0.0,13.6,3.6,1936.0,17992.9,10055.3,0.0,0.0,0.0,0.0,0.0,0.0,0.0,0.0,0.0,0.0,0.0,0.0,0.0,0.0,0.0,697.1,0.0,3231.7,35.4,0.0,62.7,0.0,0.0,0.0,0.0,0.0,0.0,0.0,0.0,0.0,37.6,0.0,0.0,27.1,26.8,0.0,0.0,1633.7,0.0,0.0,0.0,0.0,0.0,0.0,0.0,0.0,21.4,0.0,0.0,0.0,0.0,0.0,36.4,0.0,0.0,39048.8,0.0,17.2,0.0,0.0,0.0,0.0,9773.8,0.0,0.0,0.0,0.0,0.0,0.0,0.0,0.0,0.0,0.0,0.0,0.0,0.0,0.0,0.0,0.0,0.0,0.0,0.0,0.0,0.0,0.0,0.0,0.0,0.0,0.0,0.0,0.0,0.0,91557.6,0.0,0.0,0.0,0.0,0.0,0.0,0.0,0.0,0.0,0.0,0.0,0.0,0.0,0.0,0.0,0.0,0.0,0.0,0.0,0.0,0.0,0.0,0.0,0.0,0.0,0.0,0.0,0.0,0.0,0.0,0.0,0.0,0.0,-,-,-,-,-,-,-,-,-,-,-,-,-,-,-,-,-,-,-,-,-,-,-,-,-,-,-,-,-,-,-,-,-,-,-,-,-
1995,,397781.0,47.0,3923.0,0.0,0.0,0.0,849.0,3521.0,0.0,646.0,0.0,1576.0,48554.0,1113.0,836.0,0.0,0.0,0.0,81.0,0.0,1750.0,0.0,0.0,0.0,0.0,146.0,422.0,0.0,0.0,0.0,117.0,968.0,27.0,0.0,0.0,0.0,0.0,0.0,186088.0,0.0,0.0,473.0,1.0,28282.0,0.0,26447.0,0.0,0.0,154.0,0.0,0.0,0.0,0.0,0.0,0.0,0.0,0.0,0.0,0.0,0.0,0.0,1005.0,0.0,6420.0,215.0,0.0,331.0,0.0,0.0,0.0,0.0,0.0,0.0,0.0,0.0,0.0,14.0,0.0,0.0,1100.0,55.0,0.0,0.0,351.0,0.0,0.0,49.0,0.0,0.0,154.0,0.0,0.0,25.0,0.0,0.0,108.0,0.0,0.0,93.0,0.0,0.0,26445.0,0.0,235.0,0.0,0.0,0.0,0.0,10021.0,0.0,0.0,0.0,0.0,0.0,0.0,0.0,0.0,0.0,0.0,0.0,0.0,0.0,0.0,0.0,0.0,0.0,0.0,0.0,0.0,0.0,0.0,0.0,0.0,0.0,0.0,0.0,0.0,0.0,45293.0,0.0,0.0,0.0,0.0,0.0,0.0,0.0,0.0,0.0,0.0,0.0,0.0,0.0,0.0,0.0,0.0,0.0,0.0,0.0,0.0,0.0,0.0,0.0,0.0,0.0,0.0,0.0,0.0,0.0,0.0,0.0,0.0,0.0,-,-,-,-,-,-,-,-,-,-,-,-,-,-,-,-,-,-,-,-,-,-,-,-,-,-,-,-,-,-,-,-,-,-,-,-,-
